filename,split
Czech_002996.xml,train
Czech_001451.xml,train
Czech_000286.xml,train
Czech_000947.xml,train
Czech_002128.xml,train
Czech_001761.xml,train
Czech_000209.xml,train
Czech_001326.xml,train
Czech_002871.xml,train
Czech_002537.xml,train
Czech_000364.xml,train
Czech_000240.xml,train
Czech_000815.xml,train
Czech_003548.xml,train
Czech_001843.xml,train
Czech_000480.xml,train
Czech_003556.xml,train
Czech_000221.xml,train
Czech_001455.xml,train
Czech_001199.xml,train
Czech_000633.xml,train
Czech_002694.xml,train
Czech_000746.xml,train
Czech_000370.xml,train
Czech_001995.xml,train
Czech_000742.xml,train
Czech_001765.xml,train
Czech_003134.xml,train
Czech_000526.xml,train
Czech_000973.xml,train
Czech_002412.xml,train
Czech_000955.xml,train
Czech_002296.xml,train
Czech_000427.xml,train
Czech_000064.xml,train
Czech_001729.xml,train
Czech_002334.xml,train
Czech_000795.xml,train
Czech_000510.xml,train
Czech_003344.xml,train
Czech_000744.xml,train
Czech_001185.xml,train
Czech_003150.xml,train
Czech_000329.xml,train
Czech_000002.xml,train
Czech_001960.xml,train
Czech_000022.xml,train
Czech_000879.xml,train
Czech_000464.xml,train
Czech_003093.xml,train
Czech_000738.xml,train
Czech_002281.xml,train
Czech_001698.xml,train
Czech_000692.xml,train
Czech_003223.xml,train
Czech_001222.xml,train
Czech_003317.xml,train
Czech_003516.xml,train
Czech_000068.xml,train
Czech_001943.xml,train
Czech_000701.xml,train
Czech_003114.xml,train
Czech_003373.xml,train
Czech_001299.xml,train
Czech_001639.xml,train
Czech_001832.xml,train
Czech_002654.xml,train
Czech_000055.xml,train
Czech_000226.xml,train
Czech_001570.xml,train
Czech_000467.xml,train
Czech_002872.xml,train
Czech_002780.xml,train
Czech_000244.xml,train
Czech_000539.xml,train
Czech_001348.xml,train
Czech_000704.xml,train
Czech_002221.xml,train
Czech_001393.xml,train
Czech_001317.xml,train
Czech_000734.xml,train
Czech_001786.xml,train
Czech_003369.xml,train
Czech_002818.xml,train
Czech_000406.xml,train
Czech_001603.xml,train
Czech_001596.xml,train
Czech_000556.xml,train
Czech_002699.xml,train
Czech_002866.xml,train
Czech_001791.xml,train
Czech_001850.xml,train
Czech_001604.xml,train
Czech_002345.xml,train
Czech_000179.xml,train
Czech_001336.xml,train
Czech_000605.xml,train
Czech_003236.xml,train
Czech_001561.xml,train
Czech_002842.xml,train
Czech_003461.xml,train
Czech_001614.xml,train
Czech_003554.xml,train
Czech_002380.xml,train
Czech_000965.xml,train
Czech_000635.xml,train
Czech_003108.xml,train
Czech_001554.xml,train
Czech_000202.xml,train
Czech_003308.xml,train
Czech_000939.xml,train
Czech_002882.xml,train
Czech_001605.xml,train
Czech_001501.xml,train
Czech_003434.xml,train
Czech_003467.xml,train
Czech_001762.xml,train
Czech_001530.xml,train
Czech_002235.xml,train
Czech_001063.xml,train
Czech_000678.xml,train
Czech_000318.xml,train
Czech_001026.xml,train
Czech_000356.xml,train
Czech_000084.xml,train
Czech_000119.xml,train
Czech_003067.xml,train
Czech_000889.xml,train
Czech_001592.xml,train
Czech_002652.xml,train
Czech_001780.xml,train
Czech_002800.xml,train
Czech_001711.xml,train
Czech_001652.xml,train
Czech_001777.xml,train
Czech_001653.xml,train
Czech_000584.xml,train
Czech_002213.xml,train
Czech_000373.xml,train
Czech_003592.xml,train
Czech_002599.xml,train
Czech_000982.xml,train
Czech_001538.xml,train
Czech_000545.xml,train
Czech_000756.xml,train
Czech_002527.xml,train
Czech_001594.xml,train
Czech_001133.xml,train
Czech_001440.xml,train
Czech_002138.xml,train
Czech_002211.xml,train
Czech_001916.xml,train
Czech_002663.xml,train
Czech_003372.xml,train
Czech_001691.xml,train
Czech_001023.xml,train
Czech_002755.xml,train
Czech_003399.xml,train
Czech_000646.xml,train
Czech_002315.xml,train
Czech_002546.xml,train
Czech_002669.xml,train
Czech_000712.xml,train
Czech_000459.xml,train
Czech_000975.xml,train
Czech_002264.xml,train
Czech_001928.xml,train
Czech_003065.xml,train
Czech_000757.xml,train
Czech_001093.xml,train
Czech_002403.xml,train
Czech_001355.xml,train
Czech_002511.xml,train
Czech_001813.xml,train
Czech_001039.xml,train
Czech_003166.xml,train
Czech_001718.xml,train
Czech_003321.xml,train
Czech_001707.xml,train
Czech_001024.xml,train
Czech_002383.xml,train
Czech_000369.xml,train
Czech_002244.xml,train
Czech_002258.xml,train
Czech_000339.xml,train
Czech_000807.xml,train
Czech_001432.xml,train
Czech_001146.xml,train
Czech_000213.xml,train
Czech_002309.xml,train
Czech_000081.xml,train
Czech_000418.xml,train
Czech_003473.xml,train
Czech_002096.xml,train
Czech_000806.xml,train
Czech_002607.xml,train
Czech_001256.xml,train
Czech_001531.xml,train
Czech_000170.xml,train
Czech_002392.xml,train
Czech_002055.xml,train
Czech_003386.xml,train
Czech_001167.xml,train
Czech_001240.xml,train
Czech_001228.xml,train
Czech_002860.xml,train
Czech_002248.xml,train
Czech_003458.xml,train
Czech_001163.xml,train
Czech_003449.xml,train
Czech_001148.xml,train
Czech_003594.xml,train
Czech_000625.xml,train
Czech_002302.xml,train
Czech_003051.xml,train
Czech_001282.xml,train
Czech_000308.xml,train
Czech_001028.xml,train
Czech_002464.xml,train
Czech_001630.xml,train
Czech_001277.xml,train
Czech_003237.xml,train
Czech_001839.xml,train
Czech_001677.xml,train
Czech_000784.xml,train
Czech_002668.xml,train
Czech_000504.xml,train
Czech_001583.xml,train
Czech_003543.xml,train
Czech_003188.xml,train
Czech_002708.xml,train
Czech_000098.xml,train
Czech_003441.xml,train
Czech_001272.xml,train
Czech_000933.xml,train
Czech_002311.xml,train
Czech_002175.xml,train
Czech_002323.xml,train
Czech_000259.xml,train
Czech_001160.xml,train
Czech_001136.xml,train
Czech_003376.xml,train
Czech_002130.xml,train
Czech_002541.xml,train
Czech_001587.xml,train
Czech_003171.xml,train
Czech_003239.xml,train
Czech_001998.xml,train
Czech_003334.xml,train
Czech_003286.xml,train
Czech_001769.xml,train
Czech_003586.xml,train
Czech_001187.xml,train
Czech_003097.xml,train
Czech_002273.xml,train
Czech_001159.xml,train
Czech_000305.xml,train
Czech_001409.xml,train
Czech_000552.xml,train
Czech_002189.xml,train
Czech_000850.xml,train
Czech_001246.xml,train
Czech_003385.xml,train
Czech_002184.xml,train
Czech_003100.xml,train
Czech_002861.xml,train
Czech_001668.xml,train
Czech_001338.xml,train
Czech_000273.xml,train
Czech_000567.xml,train
Czech_002260.xml,train
Czech_003589.xml,train
Czech_003552.xml,train
Czech_003052.xml,train
Czech_002813.xml,train
Czech_000872.xml,train
Czech_002924.xml,train
Czech_002084.xml,train
Czech_000433.xml,train
Czech_000251.xml,train
Czech_001748.xml,train
Czech_002917.xml,train
Czech_001884.xml,train
Czech_000315.xml,train
Czech_002077.xml,train
Czech_000953.xml,train
Czech_002112.xml,train
Czech_000945.xml,train
Czech_002375.xml,train
Czech_001495.xml,train
Czech_000912.xml,train
Czech_002034.xml,train
Czech_000843.xml,train
Czech_003421.xml,train
Czech_001092.xml,train
Czech_001279.xml,train
Czech_001073.xml,train
Czech_003099.xml,train
Czech_002087.xml,train
Czech_002565.xml,train
Czech_001312.xml,train
Czech_003335.xml,train
Czech_003217.xml,train
Czech_002644.xml,train
Czech_001417.xml,train
Czech_001287.xml,train
Czech_003087.xml,train
Czech_000375.xml,train
Czech_000501.xml,train
Czech_001760.xml,train
Czech_001353.xml,train
Czech_002942.xml,train
Czech_001842.xml,train
Czech_002514.xml,train
Czech_002854.xml,train
Czech_003391.xml,train
Czech_003201.xml,train
Czech_003213.xml,train
Czech_003267.xml,train
Czech_001899.xml,train
Czech_001152.xml,train
Czech_000163.xml,train
Czech_000428.xml,train
Czech_002450.xml,train
Czech_003073.xml,train
Czech_002376.xml,train
Czech_001787.xml,train
Czech_000685.xml,train
Czech_000137.xml,train
Czech_001644.xml,train
Czech_002650.xml,train
Czech_000535.xml,train
Czech_000753.xml,train
Czech_000215.xml,train
Czech_002582.xml,train
Czech_003018.xml,train
Czech_002045.xml,train
Czech_003128.xml,train
Czech_001053.xml,train
Czech_002745.xml,train
Czech_001939.xml,train
Czech_002584.xml,train
Czech_001389.xml,train
Czech_002944.xml,train
Czech_002695.xml,train
Czech_002477.xml,train
Czech_003325.xml,train
Czech_002707.xml,train
Czech_001362.xml,train
Czech_003406.xml,train
Czech_003559.xml,train
Czech_002465.xml,train
Czech_001608.xml,train
Czech_001429.xml,train
Czech_002224.xml,train
Czech_001951.xml,train
Czech_003508.xml,train
Czech_003043.xml,train
Czech_001936.xml,train
Czech_000444.xml,train
Czech_003490.xml,train
Czech_002608.xml,train
Czech_002173.xml,train
Czech_002117.xml,train
Czech_001292.xml,train
Czech_002796.xml,train
Czech_000960.xml,train
Czech_001734.xml,train
Czech_002306.xml,train
Czech_001364.xml,train
Czech_002033.xml,train
Czech_000048.xml,train
Czech_000199.xml,train
Czech_001381.xml,train
Czech_000271.xml,train
Czech_001289.xml,train
Czech_001770.xml,train
Czech_001054.xml,train
Czech_000613.xml,train
Czech_003106.xml,train
Czech_003415.xml,train
Czech_001911.xml,train
Czech_002385.xml,train
Czech_003316.xml,train
Czech_000612.xml,train
Czech_001862.xml,train
Czech_000895.xml,train
Czech_000667.xml,train
Czech_003228.xml,train
Czech_001775.xml,train
Czech_000220.xml,train
Czech_002095.xml,train
Czech_002398.xml,train
Czech_000260.xml,train
Czech_000614.xml,train
Czech_003339.xml,train
Czech_003250.xml,train
Czech_001232.xml,train
Czech_002103.xml,train
Czech_002478.xml,train
Czech_003593.xml,train
Czech_001480.xml,train
Czech_001937.xml,train
Czech_000195.xml,train
Czech_003010.xml,train
Czech_002712.xml,train
Czech_000090.xml,train
Czech_003347.xml,train
Czech_002510.xml,train
Czech_002874.xml,train
Czech_000547.xml,train
Czech_000645.xml,train
Czech_002021.xml,train
Czech_002731.xml,train
Czech_000877.xml,train
Czech_001699.xml,train
Czech_000771.xml,train
Czech_002246.xml,train
Czech_003320.xml,train
Czech_001490.xml,train
Czech_001463.xml,train
Czech_001285.xml,train
Czech_002422.xml,train
Czech_001357.xml,train
Czech_002030.xml,train
Czech_002493.xml,train
Czech_002116.xml,train
Czech_000275.xml,train
Czech_002043.xml,train
Czech_001088.xml,train
Czech_002714.xml,train
Czech_001237.xml,train
Czech_000762.xml,train
Czech_000118.xml,train
Czech_000290.xml,train
Czech_002202.xml,train
Czech_001831.xml,train
Czech_003505.xml,train
Czech_003160.xml,train
Czech_002846.xml,train
Czech_003078.xml,train
Czech_001835.xml,train
Czech_001696.xml,train
Czech_002823.xml,train
Czech_000849.xml,train
Czech_003332.xml,train
Czech_002093.xml,train
Czech_002003.xml,train
Czech_003210.xml,train
Czech_002732.xml,train
Czech_002643.xml,train
Czech_000865.xml,train
Czech_002354.xml,train
Czech_002442.xml,train
Czech_002026.xml,train
Czech_002133.xml,train
Czech_002227.xml,train
Czech_001947.xml,train
Czech_000651.xml,train
Czech_002512.xml,train
Czech_001935.xml,train
Czech_001230.xml,train
Czech_003157.xml,train
Czech_001738.xml,train
Czech_002388.xml,train
Czech_001130.xml,train
Czech_001430.xml,train
Czech_001869.xml,train
Czech_001031.xml,train
Czech_002529.xml,train
Czech_000873.xml,train
Czech_001713.xml,train
Czech_001391.xml,train
Czech_002236.xml,train
Czech_002342.xml,train
Czech_001593.xml,train
Czech_002336.xml,train
Czech_001982.xml,train
Czech_002991.xml,train
Czech_002594.xml,train
Czech_000596.xml,train
Czech_001876.xml,train
Czech_002785.xml,train
Czech_000909.xml,train
Czech_001013.xml,train
Czech_003254.xml,train
Czech_002062.xml,train
Czech_002079.xml,train
Czech_001082.xml,train
Czech_002748.xml,train
Czech_003430.xml,train
Czech_000677.xml,train
Czech_003447.xml,train
Czech_003252.xml,train
Czech_000537.xml,train
Czech_002473.xml,train
Czech_002752.xml,train
Czech_000569.xml,train
Czech_001308.xml,train
Czech_002972.xml,train
Czech_003144.xml,train
Czech_002808.xml,train
Czech_001444.xml,train
Czech_002199.xml,train
Czech_002522.xml,train
Czech_003389.xml,train
Czech_003583.xml,train
Czech_000497.xml,train
Czech_000783.xml,train
Czech_002855.xml,train
Czech_000600.xml,train
Czech_000852.xml,train
Czech_002438.xml,train
Czech_002107.xml,train
Czech_001214.xml,train
Czech_003266.xml,train
Czech_003343.xml,train
Czech_001993.xml,train
Czech_001183.xml,train
Czech_003243.xml,train
Czech_002929.xml,train
Czech_002167.xml,train
Czech_003471.xml,train
Czech_001494.xml,train
Czech_003311.xml,train
Czech_001318.xml,train
Czech_002535.xml,train
Czech_003500.xml,train
Czech_000044.xml,train
Czech_000893.xml,train
Czech_000740.xml,train
Czech_000018.xml,train
Czech_001680.xml,train
Czech_001137.xml,train
Czech_002737.xml,train
Czech_001291.xml,train
Czech_001797.xml,train
Czech_000393.xml,train
Czech_000897.xml,train
Czech_001099.xml,train
Czech_001248.xml,train
Czech_002498.xml,train
Czech_002789.xml,train
Czech_002240.xml,train
Czech_001067.xml,train
Czech_001234.xml,train
Czech_001547.xml,train
Czech_001359.xml,train
Czech_003331.xml,train
Czech_002750.xml,train
Czech_002081.xml,train
Czech_003271.xml,train
Czech_000760.xml,train
Czech_000291.xml,train
Czech_002988.xml,train
Czech_003363.xml,train
Czech_003280.xml,train
Czech_002809.xml,train
Czech_002862.xml,train
Czech_000668.xml,train
Czech_002830.xml,train
Czech_002998.xml,train
Czech_002352.xml,train
Czech_000333.xml,train
Czech_002401.xml,train
Czech_003535.xml,train
Czech_000530.xml,train
Czech_001046.xml,train
Czech_001788.xml,train
Czech_000144.xml,train
Czech_002155.xml,train
Czech_000957.xml,train
Czech_003546.xml,train
Czech_000358.xml,train
Czech_000846.xml,train
Czech_003512.xml,train
Czech_000963.xml,train
Czech_002994.xml,train
Czech_001315.xml,train
Czech_002831.xml,train
Czech_001437.xml,train
Czech_000440.xml,train
Czech_002728.xml,train
Czech_003443.xml,train
Czech_003549.xml,train
Czech_000662.xml,train
Czech_003577.xml,train
Czech_001979.xml,train
Czech_001883.xml,train
Czech_002700.xml,train
Czech_000838.xml,train
Czech_001885.xml,train
Czech_001611.xml,train
Czech_000842.xml,train
Czech_003070.xml,train
Czech_001427.xml,train
Czech_000711.xml,train
Czech_001397.xml,train
Czech_003409.xml,train
Czech_002361.xml,train
Czech_000336.xml,train
Czech_002636.xml,train
Czech_002821.xml,train
Czech_001918.xml,train
Czech_002797.xml,train
Czech_001837.xml,train
Czech_003163.xml,train
Czech_003498.xml,train
Czech_001882.xml,train
Czech_001465.xml,train
Czech_001967.xml,train
Czech_002145.xml,train
Czech_000180.xml,train
Czech_003370.xml,train
Czech_000060.xml,train
Czech_003012.xml,train
Czech_000154.xml,train
Czech_003130.xml,train
Czech_002153.xml,train
Czech_000057.xml,train
Czech_001086.xml,train
Czech_002360.xml,train
Czech_001986.xml,train
Czech_001798.xml,train
Czech_001910.xml,train
Czech_001545.xml,train
Czech_000123.xml,train
Czech_000303.xml,train
Czech_000861.xml,train
Czech_000626.xml,train
Czech_000349.xml,train
Czech_002012.xml,train
Czech_002992.xml,train
Czech_000816.xml,train
Czech_003240.xml,train
Czech_001715.xml,train
Czech_002146.xml,train
Czech_001563.xml,train
Czech_000274.xml,train
Czech_000078.xml,train
Czech_003460.xml,train
Czech_000666.xml,train
Czech_002041.xml,train
Czech_001142.xml,train
Czech_002330.xml,train
Czech_001571.xml,train
Czech_002222.xml,train
Czech_001314.xml,train
Czech_000062.xml,train
Czech_002223.xml,train
Czech_000671.xml,train
Czech_001411.xml,train
Czech_002009.xml,train
Czech_002595.xml,train
Czech_003083.xml,train
Czech_001719.xml,train
Czech_003491.xml,train
Czech_001667.xml,train
Czech_000818.xml,train
Czech_001300.xml,train
Czech_002504.xml,train
Czech_003265.xml,train
Czech_002277.xml,train
Czech_002803.xml,train
Czech_000647.xml,train
Czech_001969.xml,train
Czech_000372.xml,train
Czech_000724.xml,train
Czech_002377.xml,train
Czech_000067.xml,train
Czech_003368.xml,train
Czech_002393.xml,train
Czech_002404.xml,train
Czech_001874.xml,train
Czech_001823.xml,train
Czech_002497.xml,train
Czech_002008.xml,train
Czech_002674.xml,train
Czech_002433.xml,train
Czech_001525.xml,train
Czech_002704.xml,train
Czech_000781.xml,train
Czech_001519.xml,train
Czech_003074.xml,train
Czech_003492.xml,train
Czech_003576.xml,train
Czech_002516.xml,train
Czech_003578.xml,train
Czech_000680.xml,train
Czech_002775.xml,train
Czech_000488.xml,train
Czech_000989.xml,train
Czech_002543.xml,train
Czech_001581.xml,train
Czech_000511.xml,train
Czech_002242.xml,train
Czech_003095.xml,train
Czech_003225.xml,train
Czech_002340.xml,train
Czech_001492.xml,train
Czech_000492.xml,train
Czech_001168.xml,train
Czech_000743.xml,train
Czech_002513.xml,train
Czech_002670.xml,train
Czech_002319.xml,train
Czech_000299.xml,train
Czech_000150.xml,train
Czech_002482.xml,train
Czech_000559.xml,train
Czech_002559.xml,train
Czech_002225.xml,train
Czech_002428.xml,train
Czech_001776.xml,train
Czech_000208.xml,train
Czech_000105.xml,train
Czech_000335.xml,train
Czech_002698.xml,train
Czech_001695.xml,train
Czech_000357.xml,train
Czech_001386.xml,train
Czech_001741.xml,train
Czech_001574.xml,train
Czech_002738.xml,train
Czech_000578.xml,train
Czech_001316.xml,train
Czech_002115.xml,train
Czech_001687.xml,train
Czech_002219.xml,train
Czech_000604.xml,train
Czech_001012.xml,train
Czech_002269.xml,train
Czech_001087.xml,train
Czech_002156.xml,train
Czech_000979.xml,train
Czech_000768.xml,train
Czech_002556.xml,train
Czech_003003.xml,train
Czech_001856.xml,train
Czech_003394.xml,train
Czech_002575.xml,train
Czech_001153.xml,train
Czech_003001.xml,train
Czech_001330.xml,train
Czech_001322.xml,train
Czech_002926.xml,train
Czech_002318.xml,train
Czech_002819.xml,train
Czech_003079.xml,train
Czech_003309.xml,train
Czech_000581.xml,train
Czech_003145.xml,train
Czech_001361.xml,train
Czech_002671.xml,train
Czech_002338.xml,train
Czech_003257.xml,train
Czech_002179.xml,train
Czech_000378.xml,train
Czech_001435.xml,train
Czech_001517.xml,train
Czech_001468.xml,train
Czech_000486.xml,train
Czech_002181.xml,train
Czech_001555.xml,train
Czech_002965.xml,train
Czech_001110.xml,train
Czech_002324.xml,train
Czech_002124.xml,train
Czech_002217.xml,train
Czech_001202.xml,train
Czech_001851.xml,train
Czech_001065.xml,train
Czech_003322.xml,train
Czech_000862.xml,train
Czech_001820.xml,train
Czech_000597.xml,train
Czech_001847.xml,train
Czech_001709.xml,train
Czech_001221.xml,train
Czech_000133.xml,train
Czech_001184.xml,train
Czech_001544.xml,train
Czech_003329.xml,train
Czech_001112.xml,train
Czech_000598.xml,train
Czech_001356.xml,train
Czech_003436.xml,train
Czech_002307.xml,train
Czech_001866.xml,train
Czech_002561.xml,train
Czech_000793.xml,train
Czech_001147.xml,train
Czech_002060.xml,train
Czech_003081.xml,train
Czech_000618.xml,train
Czech_001431.xml,train
Czech_000706.xml,train
Czech_000739.xml,train
Czech_001808.xml,train
Czech_002515.xml,train
Czech_002114.xml,train
Czech_002900.xml,train
Czech_001462.xml,train
Czech_000384.xml,train
Czech_002984.xml,train
Czech_001508.xml,train
Czech_001942.xml,train
Czech_000126.xml,train
Czech_000142.xml,train
Czech_001855.xml,train
Czech_001477.xml,train
Czech_001560.xml,train
Czech_002641.xml,train
Czech_000012.xml,train
Czech_001201.xml,train
Czech_002509.xml,train
Czech_002662.xml,train
Czech_000749.xml,train
Czech_001896.xml,train
Czech_002256.xml,train
Czech_001988.xml,train
Czech_002048.xml,train
Czech_001755.xml,train
Czech_002685.xml,train
Czech_002166.xml,train
Czech_001059.xml,train
Czech_003374.xml,train
Czech_001940.xml,train
Czech_002458.xml,train
Czech_001428.xml,train
Czech_001121.xml,train
Czech_003000.xml,train
Czech_001043.xml,train
Czech_000186.xml,train
Czech_001360.xml,train
Czech_001927.xml,train
Czech_001062.xml,train
Czech_003135.xml,train
Czech_002429.xml,train
Czech_001569.xml,train
Czech_003448.xml,train
Czech_002705.xml,train
Czech_003580.xml,train
Czech_000017.xml,train
Czech_000013.xml,train
Czech_001597.xml,train
Czech_003102.xml,train
Czech_001210.xml,train
Czech_000943.xml,train
Czech_000839.xml,train
Czech_001908.xml,train
Czech_002109.xml,train
Czech_001100.xml,train
Czech_002395.xml,train
Czech_001149.xml,train
Czech_000080.xml,train
Czech_002285.xml,train
Czech_001562.xml,train
Czech_002906.xml,train
Czech_001094.xml,train
Czech_001886.xml,train
Czech_003262.xml,train
Czech_000936.xml,train
Czech_001484.xml,train
Czech_000250.xml,train
Czech_003075.xml,train
Czech_003551.xml,train
Czech_001504.xml,train
Czech_001066.xml,train
Czech_002001.xml,train
Czech_000065.xml,train
Czech_003567.xml,train
Czech_003338.xml,train
Czech_000693.xml,train
Czech_003284.xml,train
Czech_000502.xml,train
Czech_002485.xml,train
Czech_003474.xml,train
Czech_000682.xml,train
Czech_002977.xml,train
Czech_003123.xml,train
Czech_000302.xml,train
Czech_003116.xml,train
Czech_000558.xml,train
Czech_002344.xml,train
Czech_003068.xml,train
Czech_001027.xml,train
Czech_002891.xml,train
Czech_002691.xml,train
Czech_000091.xml,train
Czech_002381.xml,train
Czech_002118.xml,train
Czech_000761.xml,train
Czech_000868.xml,train
Czech_002203.xml,train
Czech_001280.xml,train
Czech_003169.xml,train
Czech_002263.xml,train
Czech_001398.xml,train
Czech_001017.xml,train
Czech_001638.xml,train
Czech_003212.xml,train
Czech_001488.xml,train
Czech_003353.xml,train
Czech_001656.xml,train
Czech_003518.xml,train
Czech_000931.xml,train
Czech_000014.xml,train
Czech_000962.xml,train
Czech_002231.xml,train
Czech_001333.xml,train
Czech_003137.xml,train
Czech_002421.xml,train
Czech_002505.xml,train
Czech_002208.xml,train
Czech_001259.xml,train
Czech_002815.xml,train
Czech_001612.xml,train
Czech_000421.xml,train
Czech_000255.xml,train
Czech_002419.xml,train
Czech_000747.xml,train
Czech_003301.xml,train
Czech_003107.xml,train
Czech_002865.xml,train
Czech_001553.xml,train
Czech_001323.xml,train
Czech_002746.xml,train
Czech_000201.xml,train
Czech_002180.xml,train
Czech_002152.xml,train
Czech_000643.xml,train
Czech_000093.xml,train
Czech_001895.xml,train
Czech_003542.xml,train
Czech_001784.xml,train
Czech_000248.xml,train
Czech_001084.xml,train
Czech_003182.xml,train
Czech_003530.xml,train
Czech_002506.xml,train
Czech_003354.xml,train
Czech_003008.xml,train
Czech_001958.xml,train
Czech_002408.xml,train
Czech_000190.xml,train
Czech_003191.xml,train
Czech_000509.xml,train
Czech_000034.xml,train
Czech_000776.xml,train
Czech_001989.xml,train
Czech_000127.xml,train
Czech_003482.xml,train
Czech_001873.xml,train
Czech_002666.xml,train
Czech_000898.xml,train
Czech_002978.xml,train
Czech_001128.xml,train
Czech_000322.xml,train
Czech_002000.xml,train
Czech_003088.xml,train
Czech_003209.xml,train
Czech_001720.xml,train
Czech_002389.xml,train
Czech_002793.xml,train
Czech_001475.xml,train
Czech_003115.xml,train
Czech_002159.xml,train
Czech_003445.xml,train
Czech_001514.xml,train
Czech_000076.xml,train
Czech_003526.xml,train
Czech_000707.xml,train
Czech_003532.xml,train
Czech_000436.xml,train
Czech_000532.xml,train
Czech_001619.xml,train
Czech_002449.xml,train
Czech_002610.xml,train
Czech_000383.xml,train
Czech_001990.xml,train
Czech_003183.xml,train
Czech_002892.xml,train
Czech_002351.xml,train
Czech_000608.xml,train
Czech_002788.xml,train
Czech_000582.xml,train
Czech_001090.xml,train
Czech_003066.xml,train
Czech_002488.xml,train
Czech_002423.xml,train
Czech_003056.xml,train
Czech_003124.xml,train
Czech_000778.xml,train
Czech_001420.xml,train
Czech_001922.xml,train
Czech_001669.xml,train
Czech_002035.xml,train
Czech_003269.xml,train
Czech_001956.xml,train
Czech_002979.xml,train
Czech_001014.xml,train
Czech_000301.xml,train
Czech_001366.xml,train
Czech_000430.xml,train
Czech_002346.xml,train
Czech_000276.xml,train
Czech_001978.xml,train
Czech_003569.xml,train
Czech_002553.xml,train
Czech_002794.xml,train
Czech_002751.xml,train
Czech_001083.xml,train
Czech_000045.xml,train
Czech_002920.xml,train
Czech_002105.xml,train
Czech_003142.xml,train
Czech_002379.xml,train
Czech_001548.xml,train
Czech_000192.xml,train
Czech_003041.xml,train
Czech_003503.xml,train
Czech_001457.xml,train
Czech_001701.xml,train
Czech_003203.xml,train
Czech_002140.xml,train
Czech_002957.xml,train
Czech_003226.xml,train
Czech_003197.xml,train
Czech_000284.xml,train
Czech_000463.xml,train
Czech_001379.xml,train
Czech_000196.xml,train
Czech_001735.xml,train
Czech_000520.xml,train
Czech_002886.xml,train
Czech_000544.xml,train
Czech_003584.xml,train
Czech_001329.xml,train
Czech_002943.xml,train
Czech_000782.xml,train
Czech_002953.xml,train
Czech_003538.xml,train
Czech_002848.xml,train
Czech_001747.xml,train
Czech_000941.xml,train
Czech_001192.xml,train
Czech_003341.xml,train
Czech_001507.xml,train
Czech_001301.xml,train
Czech_001204.xml,train
Czech_000669.xml,train
Czech_001556.xml,train
Czech_003561.xml,train
Czech_000594.xml,train
Czech_001973.xml,train
Czech_003214.xml,train
Czech_000484.xml,train
Czech_000344.xml,train
Czech_000092.xml,train
Czech_003456.xml,train
Czech_000465.xml,train
Czech_000891.xml,train
Czech_000561.xml,train
Czech_003202.xml,train
Czech_003215.xml,train
Czech_000571.xml,train
Czech_000832.xml,train
Czech_002982.xml,train
Czech_002986.xml,train
Czech_003027.xml,train
Czech_001019.xml,train
Czech_003519.xml,train
Czech_003238.xml,train
Czech_001179.xml,train
Czech_000767.xml,train
Czech_000141.xml,train
Czech_000032.xml,train
Czech_002945.xml,train
Czech_003094.xml,train
Czech_000623.xml,train
Czech_002178.xml,train
Czech_002085.xml,train
Czech_001795.xml,train
Czech_000385.xml,train
Czech_003585.xml,train
Czech_003155.xml,train
Czech_000631.xml,train
Czech_001849.xml,train
Czech_003261.xml,train
Czech_001251.xml,train
Czech_000679.xml,train
Czech_002591.xml,train
Czech_002494.xml,train
Czech_000603.xml,train
Czech_002265.xml,train
Czech_003388.xml,train
Czech_001682.xml,train
Czech_002317.xml,train
Czech_001388.xml,train
Czech_003224.xml,train
Czech_001122.xml,train
Czech_001689.xml,train
Czech_002046.xml,train
Czech_001295.xml,train
Czech_000337.xml,train
Czech_002220.xml,train
Czech_000805.xml,train
Czech_001075.xml,train
Czech_003006.xml,train
Czech_003444.xml,train
Czech_000070.xml,train
Czech_000399.xml,train
Czech_001358.xml,train
Czech_000409.xml,train
Czech_000513.xml,train
Czech_001963.xml,train
Czech_002807.xml,train
Czech_003564.xml,train
Czech_001926.xml,train
Czech_003524.xml,train
Czech_002369.xml,train
Czech_003428.xml,train
Czech_003401.xml,train
Czech_001632.xml,train
Czech_001815.xml,train
Czech_001662.xml,train
Czech_000194.xml,train
Czech_002100.xml,train
Czech_001151.xml,train
Czech_002182.xml,train
Czech_001021.xml,train
Czech_000414.xml,train
Czech_001486.xml,train
Czech_000515.xml,train
Czech_003270.xml,train
Czech_001425.xml,train
Czech_001109.xml,train
Czech_002322.xml,train
Czech_002151.xml,train
Czech_000985.xml,train
Czech_001258.xml,train
Czech_002612.xml,train
Czech_001559.xml,train
Czech_000027.xml,train
Czech_001552.xml,train
Czech_000115.xml,train
Czech_000102.xml,train
Czech_002739.xml,train
Czech_000533.xml,train
Czech_003221.xml,train
Czech_001238.xml,train
Czech_002681.xml,train
Czech_001203.xml,train
Czech_002144.xml,train
Czech_002961.xml,train
Czech_001702.xml,train
Czech_003175.xml,train
Czech_003506.xml,train
Czech_000182.xml,train
Czech_002833.xml,train
Czech_002557.xml,train
Czech_003289.xml,train
Czech_002959.xml,train
Czech_001789.xml,train
Czech_003049.xml,train
Czech_003121.xml,train
Czech_002613.xml,train
Czech_001879.xml,train
Czech_002142.xml,train
Czech_000177.xml,train
Czech_000956.xml,train
Czech_002786.xml,train
Czech_000673.xml,train
Czech_002634.xml,train
Czech_000268.xml,train
Czech_000599.xml,train
Czech_002125.xml,train
Czech_001193.xml,train
Czech_001245.xml,train
Czech_000798.xml,train
Czech_002501.xml,train
Czech_002508.xml,train
Czech_001785.xml,train
Czech_000419.xml,train
Czech_000293.xml,train
Czech_002472.xml,train
Czech_000991.xml,train
Czech_000910.xml,train
Czech_002080.xml,train
Czech_000871.xml,train
Czech_000636.xml,train
Czech_000796.xml,train
Czech_001307.xml,train
Czech_000327.xml,train
Czech_002491.xml,train
Czech_000108.xml,train
Czech_001003.xml,train
Czech_001035.xml,train
Czech_002844.xml,train
Czech_002925.xml,train
Czech_000719.xml,train
Czech_001079.xml,train
Czech_003233.xml,train
Czech_002072.xml,train
Czech_003305.xml,train
Czech_001155.xml,train
Czech_001120.xml,train
Czech_001278.xml,train
Czech_003501.xml,train
Czech_000236.xml,train
Czech_000790.xml,train
Czech_000814.xml,train
Czech_000176.xml,train
Czech_000334.xml,train
Czech_001816.xml,train
Czech_002533.xml,train
Czech_000300.xml,train
Czech_003360.xml,train
Czech_003206.xml,train
Czech_000077.xml,train
Czech_003418.xml,train
Czech_001319.xml,train
Czech_003129.xml,train
Czech_000207.xml,train
Czech_000030.xml,train
Czech_001590.xml,train
Czech_003362.xml,train
Czech_002461.xml,train
Czech_000959.xml,train
Czech_003159.xml,train
Czech_002703.xml,train
Czech_002326.xml,train
Czech_000489.xml,train
Czech_002314.xml,train
Czech_002280.xml,train
Czech_000745.xml,train
Czech_002814.xml,train
Czech_001944.xml,train
Czech_003560.xml,train
Czech_000978.xml,train
Czech_003118.xml,train
Czech_000883.xml,train
Czech_001020.xml,train
Czech_002811.xml,train
Czech_003494.xml,train
Czech_001458.xml,train
Czech_000121.xml,train
Czech_000611.xml,train
Czech_001917.xml,train
Czech_000949.xml,train
Czech_003513.xml,train
Czech_001442.xml,train
Czech_003297.xml,train
Czech_003472.xml,train
Czech_003350.xml,train
Czech_002782.xml,train
Czech_000020.xml,train
Czech_000506.xml,train
Czech_001724.xml,train
Czech_002646.xml,train
Czech_000606.xml,train
Czech_000977.xml,train
Czech_001953.xml,train
Czech_002467.xml,train
Czech_003437.xml,train
Czech_000043.xml,train
Czech_002088.xml,train
Czech_002104.xml,train
Czech_000279.xml,train
Czech_000432.xml,train
Czech_000218.xml,train
Czech_000708.xml,train
Czech_001968.xml,train
Czech_002792.xml,train
Czech_000969.xml,train
Czech_000392.xml,train
Czech_003184.xml,train
Czech_000880.xml,train
Czech_002899.xml,train
Czech_001170.xml,train
Czech_001564.xml,train
Czech_002057.xml,train
Czech_001663.xml,train
Czech_001726.xml,train
Czech_000928.xml,train
Czech_002149.xml,train
Czech_003541.xml,train
Czech_001113.xml,train
Czech_001141.xml,train
Czech_002740.xml,train
Czech_001649.xml,train
Czech_001005.xml,train
Czech_000609.xml,train
Czech_001675.xml,train
Czech_002475.xml,train
Czech_003442.xml,train
Czech_002476.xml,train
Czech_000988.xml,train
Czech_002075.xml,train
Czech_003044.xml,train
Czech_003141.xml,train
Czech_000367.xml,train
Czech_003414.xml,train
Czech_001635.xml,train
Czech_001194.xml,train
Czech_002362.xml,train
Czech_003164.xml,train
Czech_003433.xml,train
Czech_001030.xml,train
Czech_002974.xml,train
Czech_003324.xml,train
Czech_003196.xml,train
Czech_000389.xml,train
Czech_002120.xml,train
Czech_003475.xml,train
Czech_002790.xml,train
Czech_002810.xml,train
Czech_002615.xml,train
Czech_003383.xml,train
Czech_001197.xml,train
Czech_003435.xml,train
Czech_002868.xml,train
Czech_001476.xml,train
Czech_002410.xml,train
Czech_001727.xml,train
Czech_003455.xml,train
Czech_002536.xml,train
Czech_000287.xml,train
Czech_002349.xml,train
Czech_002850.xml,train
Czech_003082.xml,train
Czech_000691.xml,train
Czech_001565.xml,train
Czech_002678.xml,train
Czech_000306.xml,train
Czech_002963.xml,train
Czech_002007.xml,train
Czech_002032.xml,train
Czech_001898.xml,train
Czech_000627.xml,train
Czech_002989.xml,train
Czech_000222.xml,train
Czech_002682.xml,train
Czech_002368.xml,train
Czech_001601.xml,train
Czech_003466.xml,train
Czech_000086.xml,train
Czech_001634.xml,train
Czech_000368.xml,train
Czech_003396.xml,train
Czech_001732.xml,train
Czech_002587.xml,train
Czech_001407.xml,train
Czech_001097.xml,train
Czech_003509.xml,train
Czech_001609.xml,train
Czech_000829.xml,train
Czech_002749.xml,train
Czech_003405.xml,train
Czech_001448.xml,train
Czech_000015.xml,train
Czech_001498.xml,train
Czech_001679.xml,train
Czech_000732.xml,train
Czech_002399.xml,train
Czech_000041.xml,train
Czech_001872.xml,train
Czech_002229.xml,train
Czech_003109.xml,train
Czech_003355.xml,train
Czech_002853.xml,train
Czech_002997.xml,train
Czech_003423.xml,train
Czech_001124.xml,train
Czech_000592.xml,train
Czech_001206.xml,train
Czech_000640.xml,train
Czech_002284.xml,train
Czech_002205.xml,train
Czech_002753.xml,train
Czech_000899.xml,train
Czech_002569.xml,train
Czech_002778.xml,train
Czech_001022.xml,train
Czech_003294.xml,train
Czech_002574.xml,train
Czech_003357.xml,train
Czech_002964.xml,train
Czech_000310.xml,train
Czech_001678.xml,train
Czech_003453.xml,train
Czech_002177.xml,train
Czech_001387.xml,train
Czech_001539.xml,train
Czech_000727.xml,train
Czech_002519.xml,train
Czech_000456.xml,train
Czech_002930.xml,train
Czech_000100.xml,train
Czech_001422.xml,train
Czech_002024.xml,train
Czech_002049.xml,train
Czech_001485.xml,train
Czech_000675.xml,train
Czech_002967.xml,train
Czech_003558.xml,train
Czech_000472.xml,train
Czech_000132.xml,train
Czech_003502.xml,train
Czech_002733.xml,train
Czech_001303.xml,train
Czech_000810.xml,train
Czech_002305.xml,train
Czech_003113.xml,train
Czech_000521.xml,train
Czech_000407.xml,train
Czech_000925.xml,train
Czech_002197.xml,train
Czech_002973.xml,train
Czech_000312.xml,train
Czech_001863.xml,train
Czech_000687.xml,train
Czech_000425.xml,train
Czech_000923.xml,train
Czech_001176.xml,train
Czech_002261.xml,train
Czech_002168.xml,train
Czech_002143.xml,train
Czech_002928.xml,train
Czech_001140.xml,train
Czech_001182.xml,train
Czech_000858.xml,train
Czech_002164.xml,train
Czech_002028.xml,train
Czech_002933.xml,train
Czech_001983.xml,train
Czech_001236.xml,train
Czech_002444.xml,train
Czech_001817.xml,train
Czech_002129.xml,train
Czech_003477.xml,train
Czech_002308.xml,train
Czech_000311.xml,train
Czech_000774.xml,train
Czech_001637.xml,train
Czech_000894.xml,train
Czech_002845.xml,train
Czech_002827.xml,train
Czech_001025.xml,train
Czech_002754.xml,train
Czech_000037.xml,train
Czech_003531.xml,train
Czech_002355.xml,train
Czech_001270.xml,train
Czech_002029.xml,train
Czech_000508.xml,train
Czech_000341.xml,train
Czech_002468.xml,train
Czech_000125.xml,train
Czech_003379.xml,train
Czech_001334.xml,train
Czech_002137.xml,train
Czech_000095.xml,train
Czech_000997.xml,train
Czech_001945.xml,train
Czech_000330.xml,train
Czech_001327.xml,train
Czech_000948.xml,train
Czech_001268.xml,train
Czech_000214.xml,train
Czech_000470.xml,train
Czech_002679.xml,train
Czech_000519.xml,train
Czech_000160.xml,train
Czech_003422.xml,train
Czech_003537.xml,train
Czech_000104.xml,train
Czech_002897.xml,train
Czech_002706.xml,train
Czech_000822.xml,train
Czech_000616.xml,train
Czech_000698.xml,train
Czech_003419.xml,train
Czech_000775.xml,train
Czech_000554.xml,train
Czech_003264.xml,train
Czech_003330.xml,train
Czech_003059.xml,train
Czech_001537.xml,train
Czech_001774.xml,train
Czech_000350.xml,train
Czech_000601.xml,train
Czech_000920.xml,train
Czech_002451.xml,train
Czech_003364.xml,train
Czech_000039.xml,train
Czech_002858.xml,train
Czech_003540.xml,train
Czech_003245.xml,train
Czech_000951.xml,train
Czech_002913.xml,train
Czech_000447.xml,train
Czech_001072.xml,train
Czech_001595.xml,train
Czech_002282.xml,train
Czech_000888.xml,train
Czech_003023.xml,train
Czech_000876.xml,train
Czech_000233.xml,train
Czech_002560.xml,train
Czech_001888.xml,train
Czech_003077.xml,train
Czech_000056.xml,train
Czech_000926.xml,train
Czech_002135.xml,train
Czech_003365.xml,train
Czech_000097.xml,train
Czech_003042.xml,train
Czech_001773.xml,train
Czech_001716.xml,train
Czech_001948.xml,train
Czech_003278.xml,train
Czech_000642.xml,train
Czech_002425.xml,train
Czech_000733.xml,train
Czech_000482.xml,train
Czech_000998.xml,train
Czech_000224.xml,train
Czech_001902.xml,train
Czech_001636.xml,train
Czech_001654.xml,train
Czech_001404.xml,train
Czech_002010.xml,train
Czech_001733.xml,train
Czech_002937.xml,train
Czech_002292.xml,train
Czech_000728.xml,train
Czech_000892.xml,train
Czech_003304.xml,train
Czech_001196.xml,train
Czech_000617.xml,train
Czech_002358.xml,train
Czech_000124.xml,train
Czech_000178.xml,train
Czech_000826.xml,train
Czech_000663.xml,train
Czech_001177.xml,train
Czech_001369.xml,train
Czech_002427.xml,train
Czech_003333.xml,train
Czech_001320.xml,train
Czech_000234.xml,train
Czech_001610.xml,train
Czech_000050.xml,train
Czech_000634.xml,train
Czech_002106.xml,train
Czech_002397.xml,train
Czech_002766.xml,train
Czech_000400.xml,train
Czech_000808.xml,train
Czech_002432.xml,train
Czech_002551.xml,train
Czech_003534.xml,train
Czech_000655.xml,train
Czech_001052.xml,train
Czech_000171.xml,train
Czech_000512.xml,train
Czech_001345.xml,train
Czech_000799.xml,train
Czech_000870.xml,train
Czech_001826.xml,train
Czech_002525.xml,train
Czech_002577.xml,train
Czech_003127.xml,train
Czech_003117.xml,train
Czech_002148.xml,train
Czech_002905.xml,train
Czech_003080.xml,train
Czech_001445.xml,train
Czech_003352.xml,train
Czech_002154.xml,train
Czech_001814.xml,train
Czech_002999.xml,train
Czech_000454.xml,train
Czech_000755.xml,train
Czech_002460.xml,train
Czech_002677.xml,train
Czech_001424.xml,train
Czech_002487.xml,train
Czech_003523.xml,train
Czech_000191.xml,train
Czech_001161.xml,train
Czech_002951.xml,train
Czech_000573.xml,train
Czech_001624.xml,train
Czech_003439.xml,train
Czech_000254.xml,train
Czech_002252.xml,train
Czech_000174.xml,train
Czech_001585.xml,train
Czech_001706.xml,train
Czech_002890.xml,train
Czech_002123.xml,train
Czech_000695.xml,train
Czech_000518.xml,train
Czech_003189.xml,train
Czech_002300.xml,train
Czech_000338.xml,train
Czech_001036.xml,train
Czech_000471.xml,train
Czech_002721.xml,train
Czech_002741.xml,train
Czech_003420.xml,train
Czech_001413.xml,train
Czech_000576.xml,train
Czech_002243.xml,train
Czech_001536.xml,train
Czech_000269.xml,train
Czech_000161.xml,train
Czech_000900.xml,train
Czech_003412.xml,train
Czech_000809.xml,train
Czech_000401.xml,train
Czech_002420.xml,train
Czech_000780.xml,train
Czech_002022.xml,train
Czech_000468.xml,train
Czech_001365.xml,train
Czech_001225.xml,train
Czech_000522.xml,train
Czech_001305.xml,train
Czech_000995.xml,train
Czech_000225.xml,train
Czech_001363.xml,train
Czech_002758.xml,train
Czech_001174.xml,train
Czech_002270.xml,train
Czech_002896.xml,train
Czech_003381.xml,train
Czech_002110.xml,train
Czech_000652.xml,train
Czech_001750.xml,train
Czech_003348.xml,train
Czech_002006.xml,train
Czech_001276.xml,train
Czech_000887.xml,train
Czech_001400.xml,train
Czech_002122.xml,train
Czech_000278.xml,train
Czech_001520.xml,train
Czech_000462.xml,train
Czech_003204.xml,train
Czech_000314.xml,train
Czech_001281.xml,train
Czech_001343.xml,train
Czech_002218.xml,train
Czech_002966.xml,train
Czech_002201.xml,train
Czech_000560.xml,train
Czech_002713.xml,train
Czech_001032.xml,train
Czech_002829.xml,train
Czech_001051.xml,train
Czech_002571.xml,train
Czech_002665.xml,train
Czech_002463.xml,train
Czech_001190.xml,train
Czech_000200.xml,train
Czech_001325.xml,train
Czech_001623.xml,train
Czech_001057.xml,train
Czech_000499.xml,train
Czech_001920.xml,train
Czech_000446.xml,train
Czech_002649.xml,train
Czech_002593.xml,train
Czech_001972.xml,train
Czech_003479.xml,train
Czech_003302.xml,train
Czech_002214.xml,train
Czech_002673.xml,train
Czech_000149.xml,train
Czech_000789.xml,train
Czech_000071.xml,train
Czech_001877.xml,train
Czech_000211.xml,train
Czech_003045.xml,train
Czech_003356.xml,train
Czech_001971.xml,train
Czech_002626.xml,train
Czech_001783.xml,train
Czech_001004.xml,train
Czech_001394.xml,train
Czech_002071.xml,train
Czech_001810.xml,train
Czech_003030.xml,train
Czech_000479.xml,train
Czech_003036.xml,train
Czech_000754.xml,train
Czech_001912.xml,train
Czech_000934.xml,train
Czech_003063.xml,train
Czech_002169.xml,train
Czech_001042.xml,train
Czech_001367.xml,train
Czech_000570.xml,train
Czech_000562.xml,train
Czech_000848.xml,train
Czech_002052.xml,train
Czech_003259.xml,train
Czech_002456.xml,train
Czech_000587.xml,train
Czech_000907.xml,train
Czech_003351.xml,train
Czech_000061.xml,train
Czech_001224.xml,train
Czech_000976.xml,train
Czech_001836.xml,train
Czech_002391.xml,train
Czech_002725.xml,train
Czech_000189.xml,train
Czech_000173.xml,train
Czech_002437.xml,train
Czech_001144.xml,train
Czech_001533.xml,train
Czech_000935.xml,train
Czech_001478.xml,train
Czech_001793.xml,train
Czech_001406.xml,train
Czech_003340.xml,train
Czech_000811.xml,train
Czech_000483.xml,train
Czech_001205.xml,train
Czech_000493.xml,train
Czech_002207.xml,train
Czech_000258.xml,train
Czech_002011.xml,train
Czech_000904.xml,train
Czech_000697.xml,train
Czech_002825.xml,train
Czech_002503.xml,train
Czech_000206.xml,train
Czech_003047.xml,train
Czech_000416.xml,train
Czech_002279.xml,train
Czech_000615.xml,train
Czech_000881.xml,train
Czech_002804.xml,train
Czech_003408.xml,train
Czech_001933.xml,train
Czech_000665.xml,train
Czech_001758.xml,train
Czech_001534.xml,train
Czech_000750.xml,train
Czech_003153.xml,train
Czech_000153.xml,train
Czech_002327.xml,train
Czech_001875.xml,train
Czech_002898.xml,train
Czech_002496.xml,train
Czech_003194.xml,train
Czech_001497.xml,train
Czech_000853.xml,train
Czech_002436.xml,train
Czech_003459.xml,train
Czech_002371.xml,train
Czech_002517.xml,train
Czech_000106.xml,train
Czech_000971.xml,train
Czech_000313.xml,train
Czech_001730.xml,train
Czech_002875.xml,train
Czech_001620.xml,train
Czech_000351.xml,train
Czech_002448.xml,train
Czech_003208.xml,train
Czech_002614.xml,train
Czech_002940.xml,train
Czech_002483.xml,train
Czech_003300.xml,train
Czech_000239.xml,train
Czech_001297.xml,train
Czech_000441.xml,train
Czech_002715.xml,train
Czech_000387.xml,train
Czech_001284.xml,train
Czech_003220.xml,train
Czech_001212.xml,train
Czech_003390.xml,train
Czech_000474.xml,train
Czech_000040.xml,train
Czech_002216.xml,train
Czech_002540.xml,train
Czech_001845.xml,train
Czech_003397.xml,train
Czech_000524.xml,train
Czech_002576.xml,train
Czech_002054.xml,train
Czech_002086.xml,train
Czech_001708.xml,train
Czech_002914.xml,train
Czech_003281.xml,train
Czech_002618.xml,train
Czech_002163.xml,train
Czech_001655.xml,train
Czech_001792.xml,train
Czech_000514.xml,train
Czech_003539.xml,train
Czech_000674.xml,train
Czech_000398.xml,train
Czech_000857.xml,train
Czech_003180.xml,train
Czech_000175.xml,train
Czech_001588.xml,train
Czech_001266.xml,train
Czech_001283.xml,train
Czech_002193.xml,train
Czech_001048.xml,train
Czech_002578.xml,train
Czech_000548.xml,train
Czech_001881.xml,train
Czech_000534.xml,train
Czech_002921.xml,train
Czech_002531.xml,train
Czech_000844.xml,train
Czech_001827.xml,train
Czech_002658.xml,train
Czech_001108.xml,train
Czech_000958.xml,train
Czech_000653.xml,train
Czech_000449.xml,train
Czech_000918.xml,train
Czech_001970.xml,train
Czech_001116.xml,train
Czech_002400.xml,train
Czech_001607.xml,train
Czech_002840.xml,train
Czech_002212.xml,train
Czech_002856.xml,train
Czech_001740.xml,train
Czech_000024.xml,train
Czech_003002.xml,train
Czech_003499.xml,train
Czech_000242.xml,train
Czech_001952.xml,train
Czech_001800.xml,train
Czech_003450.xml,train
Czech_003152.xml,train
Czech_003279.xml,train
Czech_000555.xml,train
Czech_001145.xml,train
Czech_003177.xml,train
Czech_002632.xml,train
Czech_000438.xml,train
Czech_002638.xml,train
Czech_001794.xml,train
Czech_000494.xml,train
Czech_002474.xml,train
Czech_002627.xml,train
Czech_003557.xml,train
Czech_002286.xml,train
Czech_001150.xml,train
Czech_000773.xml,train
Czech_002683.xml,train
Czech_002765.xml,train
Czech_000188.xml,train
Czech_000063.xml,train
Czech_002489.xml,train
Czech_000270.xml,train
Czech_002630.xml,train
Czech_000940.xml,train
Czech_002864.xml,train
Czech_003572.xml,train
Czech_000262.xml,train
Czech_000066.xml,train
Czech_002547.xml,train
Czech_003544.xml,train
Czech_000343.xml,train
Czech_000395.xml,train
Czech_002555.xml,train
Czech_001241.xml,train
Czech_002407.xml,train
Czech_003488.xml,train
Czech_001523.xml,train
Czech_001216.xml,train
Czech_002623.xml,train
Czech_000882.xml,train
Czech_001860.xml,train
Czech_001211.xml,train
Czech_000854.xml,train
Czech_001069.xml,train
Czech_002530.xml,train
Czech_003170.xml,train
Czech_001037.xml,train
Czech_001591.xml,train
Czech_000654.xml,train
Czech_001812.xml,train
Czech_000181.xml,train
Czech_000157.xml,train
Czech_002051.xml,train
Czech_002132.xml,train
Czech_003229.xml,train
Czech_003566.xml,train
Czech_000922.xml,train
Czech_000702.xml,train
Czech_003139.xml,train
Czech_001616.xml,train
Czech_001500.xml,train
Czech_000905.xml,train
Czech_003565.xml,train
Czech_002885.xml,train
Czech_002566.xml,train
Czech_000455.xml,train
Czech_001955.xml,train
Czech_000621.xml,train
Czech_003037.xml,train
Czech_002550.xml,train
Czech_002656.xml,train
Czech_001138.xml,train
Czech_003167.xml,train
Czech_001676.xml,train
Czech_003258.xml,train
Czech_000219.xml,train
Czech_000543.xml,train
Czech_001433.xml,train
Czech_002297.xml,train
Czech_003457.xml,train
Czech_000247.xml,train
Czech_002411.xml,train
Czech_003133.xml,train
Czech_000752.xml,train
Czech_000803.xml,train
Czech_003555.xml,train
Czech_000295.xml,train
Czech_001439.xml,train
Czech_000476.xml,train
Czech_000147.xml,train
Czech_001858.xml,train
Czech_001799.xml,train
Czech_000131.xml,train
Czech_002113.xml,train
Czech_001617.xml,train
Czech_001846.xml,train
Czech_002742.xml,train
Czech_001154.xml,train
Czech_002430.xml,train
Czech_001818.xml,train
Czech_003393.xml,train
Czech_003407.xml,train
Czech_000699.xml,train
Czech_002661.xml,train
Czech_002131.xml,train
Czech_002014.xml,train
Czech_001178.xml,train
Czech_002907.xml,train
Czech_002037.xml,train
Czech_002938.xml,train
Czech_000937.xml,train
Czech_002621.xml,train
Czech_003247.xml,train
Czech_000289.xml,train
Czech_003168.xml,train
Czech_000577.xml,train
Czech_001143.xml,train
Czech_003514.xml,train
Czech_000122.xml,train
Czech_002078.xml,train
Czech_001752.xml,train
Czech_002238.xml,train
Czech_001941.xml,train
Czech_002590.xml,train
Czech_001557.xml,train
Czech_003410.xml,train
Czech_002447.xml,train
Czech_002366.xml,train
Czech_001766.xml,train
Czech_003179.xml,train
Czech_003055.xml,train
Czech_000103.xml,train
Czech_003579.xml,train
Czech_001566.xml,train
Czech_000660.xml,train
Czech_003176.xml,train
Czech_000769.xml,train
Czech_002795.xml,train
Czech_002852.xml,train
Czech_001900.xml,train
Czech_001337.xml,train
Czech_002259.xml,train
Czech_003359.xml,train
Czech_002660.xml,train
Czech_001914.xml,train
Czech_000140.xml,train
Czech_000120.xml,train
Czech_003327.xml,train
Czech_000429.xml,train
Czech_001253.xml,train
Czech_002431.xml,train
Czech_000726.xml,train
Czech_001529.xml,train
Czech_001509.xml,train
Czech_000591.xml,train
Czech_000731.xml,train
Czech_000111.xml,train
Czech_001694.xml,train
Czech_001647.xml,train
Czech_001518.xml,train
Czech_002005.xml,train
Czech_001771.xml,train
Czech_002470.xml,train
Czech_000980.xml,train
Czech_001833.xml,train
Czech_003218.xml,train
Czech_003174.xml,train
Czech_000523.xml,train
Czech_002365.xml,train
Czech_001938.xml,train
Czech_002826.xml,train
Czech_003161.xml,train
Czech_002532.xml,train
Czech_002415.xml,train
Czech_002568.xml,train
Czech_001778.xml,train
Czech_001511.xml,train
Czech_003038.xml,train
Czech_003275.xml,train
Czech_002912.xml,train
Czech_002353.xml,train
Czech_001739.xml,train
Czech_002160.xml,train
Czech_003050.xml,train
Czech_000568.xml,train
Czech_002426.xml,train
Czech_002013.xml,train
Czech_002409.xml,train
Czech_001089.xml,train
Czech_000087.xml,train
Czech_000283.xml,train
Czech_001889.xml,train
Czech_001227.xml,train
Czech_000135.xml,train
Czech_001880.xml,train
Czech_000924.xml,train
Czech_001288.xml,train
Czech_003028.xml,train
Czech_002518.xml,train
Czech_001905.xml,train
Czech_001085.xml,train
Czech_001754.xml,train
Czech_001551.xml,train
Czech_001115.xml,train
Czech_000159.xml,train
Czech_001929.xml,train
Czech_000869.xml,train
Czech_000408.xml,train
Czech_000371.xml,train
Czech_000650.xml,train
Czech_002161.xml,train
Czech_002471.xml,train
Czech_002983.xml,train
Czech_000148.xml,train
Czech_003061.xml,train
Czech_003470.xml,train
Czech_003192.xml,train
Czech_001107.xml,train
Czech_001016.xml,train
Czech_002647.xml,train
Czech_000325.xml,train
Czech_001749.xml,train
Czech_002716.xml,train
Czech_000009.xml,train
Czech_000637.xml,train
Czech_002247.xml,train
Czech_000801.xml,train
Czech_000964.xml,train
Czech_000557.xml,train
Czech_003011.xml,train
Czech_000572.xml,train
Czech_002528.xml,train
Czech_002689.xml,train
Czech_001645.xml,train
Czech_001503.xml,train
Czech_002119.xml,train
Czech_003110.xml,train
Czech_003319.xml,train
Czech_001496.xml,train
Czech_001502.xml,train
Czech_001546.xml,train
Czech_002495.xml,train
Czech_001341.xml,train
Czech_001586.xml,train
Czech_001893.xml,train
Czech_003285.xml,train
Czech_002724.xml,train
Czech_002126.xml,train
Czech_001033.xml,train
Czech_000282.xml,train
Czech_000709.xml,train
Czech_000629.xml,train
Czech_003103.xml,train
Czech_003336.xml,train
Czech_001098.xml,train
Czech_003085.xml,train
Czech_002127.xml,train
Czech_002839.xml,train
Czech_001344.xml,train
Czech_000256.xml,train
Czech_002158.xml,train
Czech_002881.xml,train
Czech_003148.xml,train
Czech_000252.xml,train
Czech_001670.xml,train
Czech_001522.xml,train
Czech_002554.xml,train
Czech_002734.xml,train
Czech_000355.xml,train
Czech_001721.xml,train
Czech_001901.xml,train
Czech_001811.xml,train
Czech_001418.xml,train
Czech_000197.xml,train
Czech_001664.xml,train
Czech_002382.xml,train
Czech_000346.xml,train
Czech_001074.xml,train
Czech_001410.xml,train
Czech_002617.xml,train
Czech_002328.xml,train
Czech_000165.xml,train
Czech_001010.xml,train
Czech_002781.xml,train
Czech_001453.xml,train
Czech_003562.xml,train
Czech_001712.xml,train
Czech_002911.xml,train
Czech_002502.xml,train
Czech_003101.xml,train
Czech_001274.xml,train
Czech_001129.xml,train
Czech_003292.xml,train
Czech_003256.xml,train
Czech_000263.xml,train
Czech_001805.xml,train
Czech_000830.xml,train
Czech_000331.xml,train
Czech_001865.xml,train
Czech_000038.xml,train
Czech_002867.xml,train
Czech_003086.xml,train
Czech_003120.xml,train
Czech_002717.xml,train
Czech_003173.xml,train
Czech_000758.xml,train
Czech_000994.xml,train
Czech_001106.xml,train
Czech_003402.xml,train
Czech_003151.xml,train
Czech_002469.xml,train
Czech_000644.xml,train
Czech_002633.xml,train
Czech_003032.xml,train
Czech_000386.xml,train
Czech_000366.xml,train
Czech_003485.xml,train
Czech_002585.xml,train
Czech_003323.xml,train
Czech_000607.xml,train
Czech_000759.xml,train
Czech_003072.xml,train
Czech_002283.xml,train
Czech_000593.xml,train
Czech_001408.xml,train
Czech_000382.xml,train
Czech_000469.xml,train
Czech_000006.xml,train
Czech_003039.xml,train
Czech_003054.xml,train
Czech_001260.xml,train
Czech_000010.xml,train
Czech_003398.xml,train
Czech_003550.xml,train
Czech_002215.xml,train
Czech_002932.xml,train
Czech_001934.xml,train
Czech_001756.xml,train
Czech_001779.xml,train
Czech_002605.xml,train
Czech_001247.xml,train
Czech_002824.xml,train
Czech_001233.xml,train
Czech_001830.xml,train
Czech_000112.xml,train
Czech_003016.xml,train
Czech_002176.xml,train
Czech_000875.xml,train
Czech_003328.xml,train
Czech_002915.xml,train
Czech_001466.xml,train
Czech_000890.xml,train
Czech_002434.xml,train
Czech_000915.xml,train
Czech_000033.xml,train
Czech_002092.xml,train
Czech_000831.xml,train
Czech_003126.xml,train
Czech_002645.xml,train
Czech_002684.xml,train
Czech_002405.xml,train
Czech_001347.xml,train
Czech_000921.xml,train
Czech_002589.xml,train
Czech_003024.xml,train
Czech_001629.xml,train
Czech_002454.xml,train
Czech_001819.xml,train
Czech_000363.xml,train
Czech_003181.xml,train
Czech_003246.xml,train
Czech_001382.xml,train
Czech_000128.xml,train
Czech_001296.xml,train
Czech_000946.xml,train
Czech_000715.xml,train
Czech_000791.xml,train
Czech_000670.xml,train
Czech_003005.xml,train
Czech_000703.xml,train
Czech_003507.xml,train
Czech_002690.xml,train
Czech_001460.xml,train
Czech_000718.xml,train
Czech_000541.xml,train
Czech_001606.xml,train
Czech_001987.xml,train
Czech_002232.xml,train
Czech_003571.xml,train
Czech_003195.xml,train
Czech_000901.xml,train
Czech_001742.xml,train
Czech_002453.xml,train
Czech_000212.xml,train
Czech_003198.xml,train
Czech_001001.xml,train
Czech_000551.xml,train
Czech_001957.xml,train
Czech_000452.xml,train
Czech_000779.xml,train
Czech_002333.xml,train
Czech_001641.xml,train
Czech_003570.xml,train
Czech_002268.xml,train
Czech_002040.xml,train
Czech_003465.xml,train
Czech_001573.xml,train
Czech_000628.xml,train
Czech_001126.xml,train
Czech_002841.xml,train
Czech_001633.xml,train
Czech_003277.xml,train
Czech_000298.xml,train
Czech_000443.xml,train
Czech_001621.xml,train
Czech_003211.xml,test
Czech_000536.xml,test
Czech_000143.xml,test
Czech_003298.xml,test
Czech_003483.xml,test
Czech_000546.xml,test
Czech_003438.xml,test
Czech_002909.xml,test
Czech_000434.xml,test
Czech_000085.xml,test
Czech_002195.xml,test
Czech_003587.xml,test
Czech_001759.xml,test
Czech_001375.xml,test
Czech_003367.xml,test
Czech_001746.xml,test
Czech_002635.xml,test
Czech_000802.xml,test
Czech_001558.xml,test
Czech_002462.xml,test
Czech_003349.xml,test
Czech_002949.xml,test
Czech_000648.xml,test
Czech_003147.xml,test
Czech_003312.xml,test
Czech_000457.xml,test
Czech_001290.xml,test
Czech_002970.xml,test
Czech_000792.xml,test
Czech_002806.xml,test
Czech_003400.xml,test
Czech_002904.xml,test
Czech_003251.xml,test
Czech_000155.xml,test
Czech_000886.xml,test
Czech_000381.xml,test
Czech_002170.xml,test
Czech_000107.xml,test
Czech_000296.xml,test
Czech_000817.xml,test
Czech_002931.xml,test
Czech_003515.xml,test
Czech_000495.xml,test
Czech_000684.xml,test
Czech_002604.xml,test
Czech_002262.xml,test
Czech_001264.xml,test
Czech_000748.xml,test
Czech_000657.xml,test
Czech_002995.xml,test
Czech_002416.xml,test
Czech_000856.xml,test
Czech_001050.xml,test
Czech_003111.xml,test
Czech_000431.xml,test
Czech_000345.xml,test
Czech_002289.xml,test
Czech_001464.xml,test
Czech_000101.xml,test
Czech_001690.xml,test
Czech_003165.xml,test
Czech_002726.xml,test
Czech_003342.xml,test
Czech_002771.xml,test
Czech_001395.xml,test
Czech_002275.xml,test
Czech_001383.xml,test
Czech_000031.xml,test
Czech_000285.xml,test
Czech_001171.xml,test
Czech_001111.xml,test
Czech_000481.xml,test
Czech_001275.xml,test
Czech_000458.xml,test
Czech_001173.xml,test
Czech_002406.xml,test
Czech_001306.xml,test
Czech_002549.xml,test
Czech_000498.xml,test
Czech_000230.xml,test
Czech_002271.xml,test
Czech_002357.xml,test
Czech_003563.xml,test
Czech_001867.xml,test
Czech_000058.xml,test
Czech_002347.xml,test
Czech_000794.xml,test
Czech_001949.xml,test
Czech_000845.xml,test
Czech_001068.xml,test
Czech_003125.xml,test
Czech_000992.xml,test
Czech_001049.xml,test
Czech_002031.xml,test
Czech_000786.xml,test
Czech_003029.xml,test
Czech_002044.xml,test
Czech_000117.xml,test
Czech_002134.xml,test
Czech_002542.xml,test
Czech_002061.xml,test
Czech_002835.xml,test
Czech_001824.xml,test
Czech_002059.xml,test
Czech_001372.xml,test
Czech_000966.xml,test
Czech_001293.xml,test
Czech_002209.xml,test
Czech_000720.xml,test
Czech_000641.xml,test
Czech_000422.xml,test
Czech_003276.xml,test
Czech_002298.xml,test
Czech_000765.xml,test
Czech_000525.xml,test
Czech_001861.xml,test
Czech_002993.xml,test
Czech_001157.xml,test
Czech_001134.xml,test
Czech_003371.xml,test
Czech_002637.xml,test
Czech_000622.xml,test
Czech_000531.xml,test
Czech_001825.xml,test
Czech_001923.xml,test
Czech_002267.xml,test
Czech_001452.xml,test
Czech_000347.xml,test
Czech_002980.xml,test
Czech_001384.xml,test
Czech_003547.xml,test
Czech_001524.xml,test
Czech_001470.xml,test
Czech_001117.xml,test
Czech_002294.xml,test
Czech_002680.xml,test
Czech_001790.xml,test
Czech_002066.xml,test
Czech_001479.xml,test
Czech_001261.xml,test
Czech_001521.xml,test
Czech_000619.xml,test
Czech_001731.xml,test
Czech_003235.xml,test
Czech_000437.xml,test
Czech_003384.xml,test
Czech_002050.xml,test
Czech_002941.xml,test
Czech_002588.xml,test
Czech_001060.xml,test
Czech_001047.xml,test
Czech_003015.xml,test
Czech_000001.xml,test
Czech_002597.xml,test
Czech_002701.xml,test
Czech_002628.xml,test
Czech_001332.xml,test
Czech_000700.xml,test
Czech_001890.xml,test
Czech_000602.xml,test
Czech_002843.xml,test
Czech_002356.xml,test
Czech_001705.xml,test
Czech_002735.xml,test
Czech_002857.xml,test
Czech_002710.xml,test
Czech_002697.xml,test
Czech_001722.xml,test
Czech_002058.xml,test
Czech_003314.xml,test
Czech_000448.xml,test
Czech_001743.xml,test
Czech_001243.xml,test
Czech_000902.xml,test
Czech_001510.xml,test
Czech_003481.xml,test
Czech_003138.xml,test
Czech_000423.xml,test
Czech_001700.xml,test
Czech_002445.xml,test
Czech_000164.xml,test
Czech_000659.xml,test
Czech_003089.xml,test
Czech_001461.xml,test
Czech_000332.xml,test
Czech_001658.xml,test
Czech_003190.xml,test
Czech_002539.xml,test
Czech_001868.xml,test
Czech_002958.xml,test
Czech_003469.xml,test
Czech_003446.xml,test
Czech_002922.xml,test
Czech_001041.xml,test
Czech_000079.xml,test
Czech_003084.xml,test
Czech_003306.xml,test
Czech_000681.xml,test
Czech_001651.xml,test
Czech_001449.xml,test
Czech_000908.xml,test
Czech_002331.xml,test
Czech_000365.xml,test
Czech_000075.xml,test
Czech_000725.xml,test
Czech_002452.xml,test
Czech_001374.xml,test
Czech_001683.xml,test
Czech_002321.xml,test
Czech_003452.xml,test
Czech_001368.xml,test
Czech_002069.xml,test
Czech_003290.xml,test
Czech_002901.xml,test
Czech_001980.xml,test
Czech_001506.xml,test
Czech_002883.xml,test
Czech_003216.xml,test
Czech_003058.xml,test
Czech_000028.xml,test
Czech_000950.xml,test
Czech_003283.xml,test
Czech_002520.xml,test
Czech_002439.xml,test
Czech_000696.xml,test
Czech_001515.xml,test
Czech_002230.xml,test
Czech_001472.xml,test
Czech_002927.xml,test
Czech_001782.xml,test
Czech_000529.xml,test
Czech_002295.xml,test
Czech_002479.xml,test
Czech_003495.xml,test
Czech_003022.xml,test
Czech_000620.xml,test
Czech_002266.xml,test
Czech_000885.xml,test
Czech_001864.xml,test
Czech_000996.xml,test
Czech_002424.xml,test
Czech_000054.xml,test
Czech_002572.xml,test
Czech_001339.xml,test
Czech_001600.xml,test
Czech_003096.xml,test
Czech_001350.xml,test
Czech_000249.xml,test
Czech_001673.xml,test
Czech_001631.xml,test
Czech_002975.xml,test
Czech_000451.xml,test
Czech_000069.xml,test
Czech_001932.xml,test
Czech_000203.xml,test
Czech_001044.xml,test
Czech_002481.xml,test
Czech_001101.xml,test
Czech_000735.xml,test
Czech_002091.xml,test
Czech_002255.xml,test
Czech_002625.xml,test
Czech_001474.xml,test
Czech_000763.xml,test
Czech_002233.xml,test
Czech_002121.xml,test
Czech_002165.xml,test
Czech_002198.xml,test
Czech_000162.xml,test
Czech_000411.xml,test
Czech_002956.xml,test
Czech_001286.xml,test
Czech_001657.xml,test
Czech_002147.xml,test
Czech_000588.xml,test
Czech_001666.xml,test
Czech_003387.xml,test
Czech_002672.xml,test
Czech_001443.xml,test
Czech_003260.xml,test
Czech_000932.xml,test
Czech_000967.xml,test
Czech_000083.xml,test
Czech_002603.xml,test
Czech_002640.xml,test
Czech_001878.xml,test
Czech_000021.xml,test
Czech_002894.xml,test
Czech_001311.xml,test
Czech_000183.xml,test
Czech_001767.xml,test
Czech_000217.xml,test
Czech_002702.xml,test
Czech_002245.xml,test
Czech_003536.xml,test
Czech_000942.xml,test
Czech_001071.xml,test
Czech_002954.xml,test
Czech_002076.xml,test
Czech_000297.xml,test
Czech_000326.xml,test
Czech_000676.xml,test
Czech_000235.xml,test
Czech_001966.xml,test
Czech_002500.xml,test
Czech_002183.xml,test
Czech_000984.xml,test
Czech_001646.xml,test
Czech_003162.xml,test
Czech_002446.xml,test
Czech_001626.xml,test
Czech_003020.xml,test
Czech_000453.xml,test
Czech_002579.xml,test
Czech_003318.xml,test
Czech_001426.xml,test
Czech_001219.xml,test
Czech_002544.xml,test
Czech_002348.xml,test
Czech_001578.xml,test
Czech_000047.xml,test
Czech_003380.xml,test
Czech_001844.xml,test
Czech_002918.xml,test
Czech_002611.xml,test
Czech_003395.xml,test
Czech_000403.xml,test
Czech_002838.xml,test
Czech_001579.xml,test
Czech_002935.xml,test
Czech_000261.xml,test
Czech_000405.xml,test
Czech_001390.xml,test
Czech_001172.xml,test
Czech_000550.xml,test
Czech_003462.xml,test
Czech_002023.xml,test
Czech_003478.xml,test
Czech_003413.xml,test
Czech_002343.xml,test
Czech_001405.xml,test
Czech_001377.xml,test
Czech_002709.xml,test
Czech_003033.xml,test
Czech_003545.xml,test
Czech_002783.xml,test
Czech_003326.xml,test
Czech_003303.xml,test
Czech_001684.xml,test
Czech_003234.xml,test
Czech_000309.xml,test
Czech_002484.xml,test
Czech_001354.xml,test
Czech_000490.xml,test
Czech_000007.xml,test
Czech_002102.xml,test
Czech_003282.xml,test
Czech_002832.xml,test
Czech_003496.xml,test
Czech_001854.xml,test
Czech_003464.xml,test
Czech_002237.xml,test
Czech_001114.xml,test
Czech_002538.xml,test
Czech_003454.xml,test
Czech_000694.xml,test
Czech_000500.xml,test
Czech_000245.xml,test
Czech_001919.xml,test
Czech_000417.xml,test
Czech_003232.xml,test
Czech_001414.xml,test
Czech_002304.xml,test
Czech_003573.xml,test
Czech_001516.xml,test
Czech_001034.xml,test
Czech_000917.xml,test
Czech_003310.xml,test
Czech_001181.xml,test
Czech_001423.xml,test
Czech_000025.xml,test
Czech_002878.xml,test
Czech_001302.xml,test
Czech_002592.xml,test
Czech_001532.xml,test
Czech_000307.xml,test
Czech_002288.xml,test
Czech_002910.xml,test
Czech_001491.xml,test
Czech_003522.xml,test
Czech_003009.xml,test
Czech_001648.xml,test
Czech_003112.xml,test
Czech_000764.xml,test
Czech_001622.xml,test
Czech_000884.xml,test
Czech_000011.xml,test
Czech_000729.xml,test
Czech_003172.xml,test
Czech_003242.xml,test
Czech_003231.xml,test
Czech_000929.xml,test
Czech_001962.xml,test
Czech_003268.xml,test
Czech_001441.xml,test
Czech_000987.xml,test
Czech_001924.xml,test
Czech_002743.xml,test
Czech_003525.xml,test
Czech_002339.xml,test
Czech_000426.xml,test
Czech_002063.xml,test
Czech_002374.xml,test
Czech_000688.xml,test
Czech_000911.xml,test
Czech_000721.xml,test
Czech_003241.xml,test
Czech_000656.xml,test
Czech_002756.xml,test
Czech_002774.xml,test
Czech_002027.xml,test
Czech_000450.xml,test
Czech_003053.xml,test
Czech_003076.xml,test
Czech_000193.xml,test
Czech_001582.xml,test
Czech_001512.xml,test
Czech_000575.xml,test
Czech_000689.xml,test
Czech_000827.xml,test
Czech_001526.xml,test
Czech_003287.xml,test
Czech_002016.xml,test
Czech_000825.xml,test
Czech_000990.xml,test
Czech_003510.xml,test
Czech_001950.xml,test
Czech_000246.xml,test
Czech_001618.xml,test
Czech_000442.xml,test
Czech_003377.xml,test
Czech_001671.xml,test
Czech_001688.xml,test
Czech_000841.xml,test
Czech_000204.xml,test
Czech_002526.xml,test
Czech_000361.xml,test
Czech_000145.xml,test
Czech_002968.xml,test
Czech_001964.xml,test
Czech_003255.xml,test
Czech_001768.xml,test
Czech_003219.xml,test
Czech_000787.xml,test
Czech_001528.xml,test
Czech_003476.xml,test
Czech_000158.xml,test
Czech_001772.xml,test
Czech_003013.xml,test
Czech_001959.xml,test
Czech_003185.xml,test
Czech_002606.xml,test
Czech_000253.xml,test
Czech_001992.xml,test
Czech_002490.xml,test
Czech_002653.xml,test
Czech_001058.xml,test
Czech_002692.xml,test
Czech_001915.xml,test
Czech_000836.xml,test
Czech_000797.xml,test
Czech_002019.xml,test
Czech_002602.xml,test
Czech_001415.xml,test
Czech_001704.xml,test
Czech_001853.xml,test
Czech_002849.xml,test
Czech_003574.xml,test
Czech_000770.xml,test
Czech_001803.xml,test
Czech_000819.xml,test
Czech_001745.xml,test
Czech_000812.xml,test
Czech_001298.xml,test
Czech_002836.xml,test
Czech_003122.xml,test
Czech_001342.xml,test
Czech_000863.xml,test
Czech_000579.xml,test
Czech_000580.xml,test
Czech_002769.xml,test
Czech_001640.xml,test
Czech_003105.xml,test
Czech_001215.xml,test
Czech_002204.xml,test
Czech_003497.xml,test
Czech_002816.xml,test
Czech_001209.xml,test
Czech_000294.xml,test
Czech_000109.xml,test
Czech_002056.xml,test
Czech_001105.xml,test
Czech_003069.xml,test
Czech_002332.xml,test
Czech_003064.xml,test
Czech_000968.xml,test
Czech_002303.xml,test
Czech_002042.xml,test
Czech_000624.xml,test
Czech_000184.xml,test
Czech_003315.xml,test
Czech_001859.xml,test
Czech_001040.xml,test
Czech_002784.xml,test
Czech_000737.xml,test
Czech_001135.xml,test
Czech_002459.xml,test
Czech_000000.xml,test
Czech_002723.xml,test
Czech_002370.xml,test
Czech_000402.xml,test
Czech_002253.xml,test
Czech_001267.xml,test
Czech_002747.xml,test
Czech_000257.xml,test
Czech_001946.xml,test
Czech_002916.xml,test
Czech_001218.xml,test
Czech_003025.xml,test
Czech_001685.xml,test
Czech_000410.xml,test
Czech_002523.xml,test
Czech_000586.xml,test
Czech_003416.xml,test
Czech_001909.xml,test
Czech_001627.xml,test
Czech_000505.xml,test
Czech_002676.xml,test
Czech_000113.xml,test
Czech_001029.xml,test
Czech_000974.xml,test
Czech_000139.xml,test
Czech_000954.xml,test
Czech_000243.xml,test
Czech_001757.xml,test
Czech_002372.xml,test
Czech_000292.xml,test
Czech_001139.xml,test
Czech_000595.xml,test
Czech_000485.xml,test
Czech_002981.xml,test
Czech_000553.xml,test
Czech_000690.xml,test
Czech_003345.xml,test
Czech_000167.xml,test
Czech_002136.xml,test
Czech_002067.xml,test
Czech_002659.xml,test
Czech_000281.xml,test
Czech_000146.xml,test
Czech_003493.xml,test
Czech_001454.xml,test
Czech_000986.xml,test
Czech_000205.xml,test
Czech_001871.xml,test
Czech_003071.xml,test
